epoch,train_loss,val_loss,time_seconds,learning_rate,iteration
1,0.09299519431466857,0.07731838040053844,121,0.0001,240
2,0.05769087514684846,0.06776511973390976,120,0.0001,480
3,0.053111765549207726,0.06756010732303062,120,0.0001,720
4,0.048505687581685684,0.08607660370568435,120,0.0001,960
5,0.04581146679508189,0.07487600557506084,120,0.0001,1200
6,0.044259618339128795,0.0697107012073199,120,0.0001,1440
7,0.04318946877804895,0.05961317221323649,120,0.0001,1680
8,0.041949767728025715,0.07565255872905255,120,0.0001,1920
9,0.039467843684057397,0.062292982327441376,120,0.0001,2160
10,0.039164283964782956,0.06422179248183965,120,0.0001,2400
11,0.03824171586893499,0.058329620771110056,120,0.0001,2640
12,0.037556869070976974,0.0588420232757926,120,0.0001,2880
13,0.03634341812382142,0.06263880009452502,120,0.0001,3120
14,0.035616150793309015,0.05602284024159113,120,0.0001,3360
15,0.03418015082521985,0.0555408692608277,120,0.0001,3600
16,0.03591836186824367,0.05592189071079095,120,0.0001,3840
17,0.0337630741026563,0.05863873399794102,120,0.0001,4080
18,0.033148873593502985,0.06060751291612784,120,0.0001,4320
19,0.03468641716366013,0.05786896664649248,120,0.0001,4560
20,0.03309650404844433,0.05800116993486881,120,0.0001,4800
21,0.031520630749097715,0.05324259040256341,120,0.0001,5040
22,0.0307799738793013,0.056576146930456164,120,0.0001,5280
23,0.03145804219335938,0.05858235607544581,120,0.0001,5520
24,0.032097184072093415,0.053811517916619776,120,0.0001,5760
25,0.030492015283865234,0.05837161646534999,120,0.0001,6000
26,0.029925771965645255,0.07334565166383981,120,0.0001,6240
27,0.02900836627231911,0.059534871578216554,120,0.0001,6480
28,0.03011706319715207,0.05172998222211997,120,0.0001,6720
29,0.027793972850001108,0.051167739741504195,120,0.0001,6960
30,0.028109126584604384,0.0584216134622693,120,0.0001,7200
31,0.0282622211962007,0.0657605949168404,120,0.0001,7440
32,0.02847776097090294,0.062228033381203814,120,0.0001,7680
33,0.02727907250712936,0.05489199471970399,120,0.0001,7920
34,0.02722759809112176,0.05563724230354031,120,0.0001,8160
35,0.027259902745330085,0.05284784696996212,120,0.0001,8400
36,0.026626845876065394,0.05626036673784256,120,0.0001,8640
37,0.025810419015275934,0.04983790162950754,120,0.0001,8880
38,0.026888517449454714,0.05285061007986466,120,0.0001,9120
39,0.02584992574993521,0.056784832788010435,120,0.0001,9360
40,0.02630707952193916,0.05153726115822792,120,0.0001,9600
41,0.026590138929896055,0.052551395756502944,120,0.0001,9840
42,0.025775111730520925,0.05662296125665307,120,0.0001,10080
43,0.0250158926898924,0.058591532272597155,120,0.0001,10320
44,0.026358496805187315,0.05506217324485382,120,0.0001,10560
45,0.024881716476132472,0.054170826884607476,120,0.0001,10800
46,0.026203433082749448,0.0544169328485926,120,0.0001,11040
47,0.02412083683690677,0.04967994286368291,120,0.0001,11280
48,0.024738357313132533,0.05089585569997628,120,0.0001,11520
49,0.025704688986297696,0.051856494570771856,120,0.0001,11760
50,0.023717108427081256,0.05085035158942143,120,0.0001,12000
51,0.02378369035044064,0.05437787032375733,120,0.0001,12240
52,0.023811365260432163,0.054935089436670144,120,0.0001,12480
53,0.02326345903178056,0.05717898836980263,120,0.0001,12720
54,0.02423016467752556,0.0494912201538682,120,0.0001,12960
55,0.02315407800876225,0.04783515405530731,120,0.0001,13200
56,0.024193353081742922,0.05428532312313716,120,0.0001,13440
57,0.02454004647443071,0.055283454991877076,120,0.0001,13680
58,0.02252725896735986,0.05713010498632987,120,0.0001,13920
59,0.02238010485113288,0.05745438964416583,120,0.0001,14160
60,0.024569711252115666,0.05175917589416106,120,0.0001,14400
61,0.022319959239879002,0.0586746396496892,120,0.0001,14640
62,0.022816265386063607,0.047241134010255335,120,0.0001,14880
63,0.022077437525149436,0.048223173680404824,120,0.0001,15120
64,0.022164958505891265,0.04798086167623599,125,0.0001,15360
65,0.025749867754833154,0.05063692592084408,120,0.0001,15600
66,0.023797395188982287,0.051662138663232327,120,0.0001,15840
67,0.022022281435783952,0.05024365323285262,120,0.0001,16080
68,0.021459238215660054,0.05173566297938426,120,0.0001,16320
69,0.02223165777977556,0.048208564954499405,120,0.0001,16560
70,0.021806387576119354,0.05048496164381504,120,0.0001,16800
71,0.02212500465878596,0.05428637738029162,120,0.0001,17040
72,0.022392631360950568,0.052454820337394875,120,0.0001,17280
73,0.02179412153394272,0.055561276401082674,120,1e-05,17520
74,0.02005083472079908,0.04863057900220156,120,1e-05,17760
75,0.01961921954061836,0.047664681387444334,120,1e-05,18000
76,0.019207535932461422,0.04827452572062611,120,1e-05,18240
77,0.019278251670766623,0.04750190017124017,120,1e-05,18480
78,0.01901697115196536,0.049082435419162115,120,1e-05,18720
79,0.018892842426430433,0.047079780511558054,120,1e-05,18960
80,0.01880409100170558,0.047756326384842396,120,1e-05,19200
81,0.018820195462709913,0.04766628198946516,120,1e-05,19440
82,0.018823836573089163,0.04746674845616023,120,1e-05,19680
83,0.018644699982057016,0.04795166508605083,120,1e-05,19920
84,0.01859642696023608,0.0488142682860295,120,1e-05,20160
85,0.01851205955026671,0.0492026158918937,120,1e-05,20400
86,0.01840756895253435,0.047275083729376395,120,1e-05,20640
87,0.018518321053124964,0.04846705136199792,120,1e-05,20880
88,0.01834955744755765,0.04869734300300479,120,1e-05,21120
89,0.01830046958833312,0.04784912302469214,120,1e-05,21360
90,0.018300317216198892,0.04750342791279157,120,1.0000000000000002e-06,21600
91,0.018147180528224758,0.04753842301045855,120,1.0000000000000002e-06,21840
92,0.018250653718132524,0.04709345372393727,120,1.0000000000000002e-06,22080
93,0.018066702278641364,0.04726112699136138,120,1.0000000000000002e-06,22320
94,0.018144745895794283,0.04753874872500698,120,1.0000000000000002e-06,22560
95,0.01817916622579408,0.04765364760532975,120,1.0000000000000002e-06,22800
96,0.018161232571583242,0.04806623738259077,120,1.0000000000000002e-06,23040
97,0.018025439882573362,0.046951710743208724,120,1.0000000000000002e-06,23280
98,0.018025016656611114,0.047520291370650135,120,1.0000000000000002e-06,23520
99,0.01812655188453694,0.047533640172332525,120,1.0000000000000002e-06,23760
100,0.018150811972251782,0.04700821461156011,120,1.0000000000000002e-06,24000
101,0.017988260689890012,0.04856652260447542,121,1.0000000000000002e-06,24240
102,0.017954760985837006,0.04743655581648151,120,1.0000000000000002e-06,24480
103,0.018071163426308583,0.04725991285716494,120,1.0000000000000002e-06,24720
104,0.018058354042780896,0.04740208890289068,120,1.0000000000000002e-06,24960
105,0.01809374296378034,0.047010562941432,121,1.0000000000000002e-06,25200
106,0.018050575692905114,0.04693436132123073,120,1.0000000000000002e-06,25440
107,0.01809894433245063,0.04690318858871857,120,1.0000000000000002e-06,25680
108,0.01799384814221412,0.04728105509032806,120,1.0000000000000002e-06,25920
109,0.0180129481634746,0.047824554176380235,120,1.0000000000000002e-06,26160
110,0.018040024881095938,0.04687200952321291,120,1.0000000000000002e-06,26400
111,0.017994142909689495,0.04786932673305273,120,1.0000000000000002e-06,26640
112,0.017934880630734066,0.04659075556943814,120,1.0000000000000002e-06,26880
113,0.018142604175955056,0.04774395205701391,120,1.0000000000000002e-06,27120
114,0.01805891128606163,0.04786997881407539,120,1.0000000000000002e-06,27360
115,0.01792720508334848,0.046225945092737676,120,1.0000000000000002e-06,27600
116,0.018170940714965885,0.04709680980692307,120,1.0000000000000002e-06,27840
117,0.01794486278668046,0.047030360468973714,120,1.0000000000000002e-06,28080
118,0.01793533518211916,0.04694042053694526,120,1.0000000000000002e-06,28320
119,0.01798796307023925,0.0472000635539492,120,1.0000000000000002e-06,28560
120,0.017930026899557562,0.0469881740398705,120,1.0000000000000002e-06,28800
121,0.01800470799401713,0.04769794462869565,120,1.0000000000000002e-06,29040
122,0.01795175933317902,0.04705080060909192,120,1.0000000000000002e-06,29280
123,0.01789890110764342,0.04664459827666481,120,1.0000000000000002e-06,29520
124,0.017949206052192797,0.047280241704235476,120,1.0000000000000002e-06,29760
125,0.01799418656931569,0.047777542596062025,120,1.0000000000000002e-06,30000
126,0.01807355285078908,0.046306441289683184,120,1.0000000000000002e-06,30240
127,0.017871303043405836,0.04785746925820907,120,1.0000000000000002e-06,30480
128,0.017971844887748983,0.047186951525509356,120,1.0000000000000002e-06,30720
129,0.017888203649393593,0.04709342469771703,120,1.0000000000000002e-06,30960
130,0.017908341612201183,0.046357947215437886,120,1.0000000000000002e-06,31200
131,0.017978837193610767,0.0473243271621565,120,1.0000000000000002e-06,31440
132,0.018077139125671236,0.04701198556770881,120,1.0000000000000002e-06,31680
133,0.017830660617134224,0.046687151119112966,120,1.0000000000000002e-06,31920
134,0.017816408523746455,0.046193278829256695,120,1.0000000000000002e-06,32160
135,0.017940609013506522,0.04906928241252899,120,1.0000000000000002e-06,32400
136,0.01785557697682331,0.04757352651407321,120,1.0000000000000002e-06,32640
137,0.017905148502904922,0.04690336575731635,120,1.0000000000000002e-06,32880
138,0.017889829106085622,0.04832342779263854,120,1.0000000000000002e-06,33120
139,0.01786141072322304,0.04702131232867638,120,1.0000000000000002e-06,33360
140,0.017747997374196228,0.046851888826737804,120,1.0000000000000002e-06,33600
141,0.017844851604119565,0.04695727766181032,120,1.0000000000000002e-06,33840
142,0.017766588359760742,0.04631953180457155,120,1.0000000000000002e-06,34080
143,0.017846408057569835,0.046878613904118537,120,1.0000000000000002e-06,34320
144,0.017830832195856298,0.04717215696970622,120,1.0000000000000002e-06,34560
145,0.017880532312362144,0.048216546233743426,120,1.0000000000000002e-06,34800
146,0.01785984093439765,0.04717565629010399,120,1.0000000000000002e-06,35040
147,0.017814981151605024,0.046849164211501676,120,1.0000000000000002e-06,35280
148,0.01785494580787296,0.04760159694900115,120,1.0000000000000002e-06,35520
149,0.0179217598575633,0.047108947609861694,121,1.0000000000000002e-06,35760
150,0.017768773587886245,0.047797078639268874,120,1.0000000000000002e-06,36000
151,0.017829508474096655,0.04699945965160926,125,1.0000000000000002e-06,36240
152,0.01803184892438973,0.04680207412069042,120,1.0000000000000002e-06,36480
153,0.017772843939019366,0.04674629190315803,120,1.0000000000000002e-06,36720
154,0.017899647298812247,0.04747450078527133,120,1.0000000000000002e-06,36960
155,0.017848549220555773,0.0477503831187884,120,1.0000000000000002e-06,37200
156,0.01784890459966846,0.04775387436772386,122,1.0000000000000002e-06,37440
157,0.01787857780388246,0.04753452756752571,120,1.0000000000000002e-06,37680
158,0.017803872097283603,0.04748628300925096,120,1.0000000000000002e-06,37920
159,0.01788497975212522,0.049587429873645304,120,1.0000000000000002e-06,38160
160,0.017773041284332672,0.04632503188525637,120,1.0000000000000002e-06,38400
161,0.01778301393496804,0.04832522533833981,120,1.0000000000000002e-06,38640
162,0.017890209262259305,0.04799368996173144,120,1.0000000000000002e-06,38880
163,0.017790632551380744,0.04667965124050776,120,1.0000000000000002e-06,39120
164,0.01772942312527448,0.04697985351085663,120,1.0000000000000002e-06,39360
165,0.017752486085131143,0.047633020145197706,120,1.0000000000000002e-06,39600
166,0.017718905462728193,0.04865912521878878,120,1.0000000000000002e-06,39840
167,0.01769393413560465,0.04700802670170864,120,1.0000000000000002e-06,40080
168,0.017835199739784,0.04738039458170533,120,1.0000000000000002e-06,40320
169,0.01778479473432526,0.04750526069353024,125,1.0000000000000002e-06,40560
170,0.01779710951571663,0.0470110047608614,120,1.0000000000000002e-06,40800
171,0.01767774834879674,0.04712824877351522,120,1.0000000000000002e-06,41040
172,0.017754426555863272,0.04790425598621369,120,1.0000000000000002e-06,41280
173,0.01776475701481104,0.04774380456656217,120,1.0000000000000002e-06,41520
174,0.0177212464720166,0.04816130182395379,120,1.0000000000000002e-06,41760
175,0.017796245923576256,0.04720150353386998,120,1.0000000000000002e-06,42000
176,0.01783587600608977,0.04738735388964414,120,1.0000000000000002e-06,42240
177,0.017726841698943948,0.047383082720140614,120,1.0000000000000002e-06,42480
178,0.017686295757691064,0.04755763268719117,120,1.0000000000000002e-06,42720
179,0.01774517276789993,0.047836616883675256,120,1.0000000000000002e-06,42960
180,0.017789895331952722,0.04677252878124515,120,1.0000000000000002e-06,43200
181,0.01771096737162831,0.04680752630035082,120,1.0000000000000002e-06,43440
182,0.017821265491268907,0.04768268515666326,120,1.0000000000000002e-06,43680
183,0.017711310069231937,0.04726580965022246,120,1.0000000000000002e-06,43920
184,0.0176943175358853,0.046751930471509696,120,1.0000000000000002e-06,44160
185,0.017680596746504306,0.04701734688133001,120,1.0000000000000002e-06,44400
186,0.017628861034366613,0.04742341358214617,120,1.0000000000000002e-06,44640
187,0.01772928707068786,0.04678520361582438,120,1.0000000000000002e-06,44880
188,0.01770092374451148,0.047172307937095564,120,1.0000000000000002e-06,45120
189,0.017676081574366738,0.04711549499382575,120,1.0000000000000002e-06,45360
190,0.01767159621619309,0.04709551470975081,120,1.0000000000000002e-06,45600
191,0.017684598544534916,0.047747562949856125,120,1.0000000000000002e-06,45840
192,0.01758825796811531,0.04715680467585723,120,1.0000000000000002e-06,46080
193,0.017636472479595492,0.04710188455258806,120,1.0000000000000002e-06,46320
194,0.017630239502371598,0.0464482922727863,120,1.0000000000000002e-06,46560
195,0.01779867437047263,0.04722043111299475,120,1.0000000000000002e-06,46800
196,0.017672512020605307,0.047849269366512695,120,1.0000000000000002e-06,47040
197,0.01768085973065657,0.04866652339696884,120,1.0000000000000002e-06,47280
198,0.01763100022993361,0.04927149284631014,120,1.0000000000000002e-06,47520
199,0.0176211526869641,0.046488184947520494,120,1.0000000000000002e-06,47760
200,0.017693064350169152,0.04685209073747198,120,1.0000000000000002e-06,48000
201,0.01758370127645321,0.04705765197674434,120,1.0000000000000002e-06,48240
202,0.017564211613110576,0.04725139917184909,120,1.0000000000000002e-06,48480
203,0.01757692668082503,0.04718326451256871,120,1.0000000000000002e-06,48720
204,0.017647485136209676,0.04668005437900623,120,1.0000000000000002e-06,48960
205,0.017628587054787204,0.047553167957812545,120,1.0000000000000002e-06,49200
206,0.017664628990072137,0.047181616971890133,120,1.0000000000000002e-06,49440
207,0.017620649765012784,0.047313090817381935,120,1.0000000000000002e-06,49680
208,0.01756925508573962,0.04669466807196538,120,1.0000000000000002e-06,49920
209,0.017575978534296155,0.046981515393902856,120,1.0000000000000002e-06,50160
210,0.01753926227490107,0.04682357124984264,120,1.0000000000000002e-06,50400
211,0.017613733200899637,0.046669013363619644,120,1.0000000000000002e-06,50640
212,0.017558772834793974,0.04689211801936229,120,1.0000000000000002e-06,50880
213,0.017522017939093835,0.04809271314491828,120,1.0000000000000002e-06,51120
214,0.017517671297537164,0.046758607992281515,120,1.0000000000000002e-06,51360
215,0.017636733263498173,0.046837395057082176,120,1.0000000000000002e-06,51600
216,0.01760729300440289,0.04793216492980719,120,1.0000000000000002e-06,51840
217,0.017551961054171745,0.04675826147819559,120,1.0000000000000002e-06,52080
218,0.017668310651788487,0.04703767855341236,120,1.0000000000000002e-06,52320
219,0.017654610991788406,0.04704532095541557,120,1.0000000000000002e-06,52560
220,0.017567067067526903,0.04711501992618044,120,1.0000000000000002e-06,52800
221,0.01754376355286998,0.04739457871764898,120,1.0000000000000002e-06,53040
222,0.017530509709225348,0.04738463225464026,120,1.0000000000000002e-06,53280
223,0.017572530428878963,0.0470907846155266,120,1.0000000000000002e-06,53520
224,0.017686668170305588,0.04701713801672061,120,1.0000000000000002e-06,53760
225,0.01758104847976938,0.047101741967101894,120,1.0000000000000002e-06,54000
226,0.017544972234948848,0.04692563908174634,120,1.0000000000000002e-06,54240
227,0.017628885017863163,0.04784132385005554,120,1.0000000000000002e-06,54480
228,0.017641530110267922,0.04781852109978597,120,1.0000000000000002e-06,54720
229,0.01751596516890762,0.04702224597955743,120,1.0000000000000002e-06,54960
230,0.01757636521360837,0.0491183544198672,120,1.0000000000000002e-06,55200
231,0.01753298060890908,0.04759387314940492,120,1.0000000000000002e-06,55440
232,0.017571557877818122,0.04682542846227686,120,1.0000000000000002e-06,55680
233,0.01746461883497735,0.04693634137511253,120,1.0000000000000002e-06,55920
234,0.017802799105023345,0.04712583944201469,120,1.0000000000000002e-06,56160
235,0.017454960509591427,0.04728730712085962,120,1.0000000000000002e-06,56400
236,0.01747345200662191,0.04740340216085315,120,1.0000000000000002e-06,56640
237,0.017536793587108454,0.047018389714260894,120,1.0000000000000002e-06,56880
238,0.01754677273759929,0.04695336325094104,120,1.0000000000000002e-06,57120
239,0.01746700182945157,0.04727975521236658,120,1.0000000000000002e-06,57360
240,0.01750618374402014,0.046924794713656105,120,1.0000000000000002e-06,57600
241,0.0175645280648799,0.04616559368247787,120,1.0000000000000002e-06,57840
242,0.017523543785015742,0.047109124685327214,120,1.0000000000000002e-06,58080
243,0.017468655379101014,0.047921969244877495,120,1.0000000000000002e-06,58320
244,0.017480210164406648,0.048241125357647734,120,1.0000000000000002e-06,58560
245,0.01742724846699275,0.046512661346544824,125,1.0000000000000002e-06,58800
246,0.017575883052389447,0.04676054334267974,120,1.0000000000000002e-06,59040
247,0.01741323646856472,0.04769304133951664,120,1.0000000000000002e-06,59280
248,0.017506666413585965,0.04755410570651293,120,1.0000000000000002e-06,59520
249,0.017589067118630435,0.047135989771535,120,1.0000000000000002e-06,59760
250,0.017497015203116462,0.04652536436915398,120,1.0000000000000002e-06,60000
251,0.01750030040857382,0.04628588647271196,120,1.0000000000000002e-06,60240
252,0.017382047521338487,0.04734273133799434,120,1.0000000000000002e-06,60480
253,0.017386617556136724,0.047399715551485616,120,1.0000000000000002e-06,60720
254,0.017424375038050735,0.04740176610648632,120,1.0000000000000002e-06,60960
255,0.017362186526103565,0.04726666752249002,120,1.0000000000000002e-06,61200
256,0.01751828579775368,0.04714293526485562,120,1.0000000000000002e-06,61440
257,0.017419987874260794,0.046683427939812346,120,1.0000000000000002e-06,61680
258,0.017528736003441736,0.04620135522757967,120,1.0000000000000002e-06,61920
259,0.01749251425693122,0.046818013706554966,120,1.0000000000000002e-06,62160
260,0.017515162985849504,0.04794908609862129,120,1.0000000000000002e-06,62400
261,0.017453983433855076,0.047162144382794695,120,1.0000000000000002e-06,62640
262,0.017526917958942553,0.046778088559707005,120,1.0000000000000002e-06,62880
263,0.017422949033789336,0.04821479072173437,120,1.0000000000000002e-06,63120
264,0.017499652268209806,0.046599481534212825,120,1.0000000000000002e-06,63360
265,0.017410753616907946,0.04731445337335269,120,1.0000000000000002e-06,63600
266,0.017396857160686827,0.047357775767644245,120,1.0000000000000002e-06,63840
267,0.017383708766040704,0.04776118459800879,126,1.0000000000000002e-06,64080
268,0.017432975763222204,0.046981161336104076,120,1.0000000000000002e-06,64320
269,0.01739901947633674,0.04789329736183087,120,1.0000000000000002e-06,64560
270,0.017349878913955764,0.04748709456374248,120,1.0000000000000002e-06,64800
271,0.01738861357055915,0.04683646423121293,120,1.0000000000000002e-06,65040
272,0.017439340949446585,0.04750665811200937,120,1.0000000000000002e-06,65280
273,0.017381975138171888,0.047150723387797674,120,1.0000000000000002e-06,65520
274,0.017357691057259216,0.04815784239520629,120,1.0000000000000002e-06,65760
275,0.017355346045223995,0.04762530510003368,120,1.0000000000000002e-06,66000
276,0.01742780433075192,0.047210026035706204,120,1.0000000000000002e-06,66240
277,0.01731845498046217,0.04728161133825779,120,1.0000000000000002e-06,66480
278,0.017400302706907192,0.04738831281041105,120,1.0000000000000002e-06,66720
279,0.017437185727370283,0.0478047002106905,120,1.0000000000000002e-06,66960
280,0.017291401621575157,0.047215356832991044,122,1.0000000000000002e-06,67200
281,0.01742336077343983,0.04772175994391243,120,1.0000000000000002e-06,67440
282,0.017314502072986217,0.04656490130970876,120,1.0000000000000002e-06,67680
283,0.017486629475994657,0.046824381376306214,120,1.0000000000000002e-06,67920
284,0.01734193297258268,0.04674328205486138,120,1.0000000000000002e-06,68160
285,0.01737346062824751,0.046649921840677656,120,1.0000000000000002e-06,68400
286,0.017385297489818187,0.04745296975597739,120,1.0000000000000002e-06,68640
287,0.017274661280680448,0.046981654781848195,120,1.0000000000000002e-06,68880
288,0.017348570531855026,0.046902007920046646,120,1.0000000000000002e-06,69120
289,0.017291031337420767,0.04684152668341994,120,1.0000000000000002e-06,69360
290,0.01740753619815223,0.046265206951648,120,1.0000000000000002e-06,69600
291,0.017365843174047768,0.04818789397055904,120,1.0000000000000002e-06,69840
292,0.017402607904902348,0.04756212144469221,120,1.0000000000000002e-06,70080
293,0.017328352122179543,0.046821884873012705,120,1.0000000000000002e-06,70320
294,0.01727204255682106,0.046935577597469094,120,1.0000000000000002e-06,70560
295,0.01732102610403672,0.049039177534480886,120,1.0000000000000002e-06,70800
296,0.01729635245865211,0.048200444380442305,120,1.0000000000000002e-06,71040
297,0.017400275770341977,0.047373216847578684,120,1.0000000000000002e-06,71280
298,0.017323050095001236,0.04891344550997019,120,1.0000000000000002e-06,71520
299,0.017444660920106495,0.04642272771646579,120,1.0000000000000002e-06,71760
300,0.017434076031592364,0.04744673514117797,120,1.0000000000000002e-06,72000
301,0.017333835809646796,0.046129353592793146,120,1.0000000000000002e-06,72240
302,0.017338540934724735,0.04674373089025418,120,1.0000000000000002e-06,72480
303,0.017400110652670265,0.04722532080486417,120,1.0000000000000002e-06,72720
304,0.017359295533969997,0.04656517695014675,120,1.0000000000000002e-06,72960
305,0.017311835067812354,0.047397218892971674,120,1.0000000000000002e-06,73200
306,0.017309782260175172,0.0470816891019543,120,1.0000000000000002e-06,73440
307,0.01728257378175234,0.04683856513972084,120,1.0000000000000002e-06,73680
308,0.017269405289941156,0.04761413379261891,120,1.0000000000000002e-06,73920
309,0.01723105863008338,0.046964917921771605,120,1.0000000000000002e-06,74160
310,0.01726069560972974,0.046953288434694214,120,1.0000000000000002e-06,74400
311,0.017269396492823337,0.04670847865442435,120,1.0000000000000002e-06,74640
312,0.01737018908994893,0.046568496711552144,120,1.0000000000000002e-06,74880
313,0.017238293714278066,0.047257409213731685,120,1.0000000000000002e-06,75120
314,0.017227956992185985,0.04719716326023141,120,1.0000000000000002e-06,75360
315,0.01730874160809132,0.04831900962938865,120,1.0000000000000002e-06,75600
316,0.017227930094425876,0.04682662452881535,120,1.0000000000000002e-06,75840
317,0.017244261243225385,0.04899250113715728,120,1.0000000000000002e-06,76080
318,0.0172150910521547,0.04697712591538827,120,1.0000000000000002e-06,76320
319,0.017198468403269846,0.047346760301540294,120,1.0000000000000002e-06,76560
320,0.017373997574516884,0.04736363493526975,120,1.0000000000000002e-06,76800
321,0.017277188992981488,0.047545745285848776,120,1.0000000000000002e-06,77040
322,0.01739169962044495,0.04688751141851147,120,1.0000000000000002e-06,77280
323,0.017262637766543777,0.0469624820475777,120,1.0000000000000002e-06,77520
324,0.01729719410262381,0.04689615812773506,120,1.0000000000000002e-06,77760
325,0.017257147976973405,0.04682890381664038,120,1.0000000000000002e-06,78000
326,0.01731257194187492,0.04722325972591837,120,1.0000000000000002e-06,78240
327,0.017194258615685007,0.04676809556161364,120,1.0000000000000002e-06,78480
328,0.01718207336574172,0.047857394255697724,120,1.0000000000000002e-06,78720
329,0.017274872407627602,0.04644603704412778,120,1.0000000000000002e-06,78960
330,0.017276363654915864,0.04654830414801836,120,1.0000000000000002e-06,79200
331,0.01729044257857216,0.0475956895078222,120,1.0000000000000002e-06,79440
332,0.017116128591199715,0.04761865672965845,120,1.0000000000000002e-06,79680
333,0.01726937750936486,0.04767778751750787,120,1.0000000000000002e-06,79920
334,0.01735742178473932,0.04745671295871337,120,1.0000000000000002e-06,80160
335,0.01714862963029494,0.04694068785756826,120,1.0000000000000002e-06,80400
336,0.017272722042010476,0.04721284502496322,120,1.0000000000000002e-06,80640
337,0.017174255446298047,0.04655341437707345,120,1.0000000000000002e-06,80880
338,0.017190034278125193,0.04627135678504904,120,1.0000000000000002e-06,81120
339,0.017134808091213927,0.04685341573009889,120,1.0000000000000002e-06,81360
340,0.017197103288102273,0.04710449691240986,120,1.0000000000000002e-06,81600
341,0.017183748624908426,0.046870673758288225,120,1.0000000000000002e-06,81840
342,0.017138282471569254,0.04726970307528973,120,1.0000000000000002e-06,82080
343,0.017293548283244795,0.046518854796886444,120,1.0000000000000002e-06,82320
344,0.017125146149192007,0.04711795036370556,120,1.0000000000000002e-06,82560
345,0.017219712010895213,0.04849915684511264,120,1.0000000000000002e-06,82800
346,0.01709204201082078,0.046919189890225727,120,1.0000000000000002e-06,83040
347,0.017091207206249237,0.04666503596430024,120,1.0000000000000002e-06,83280
348,0.01716222318354994,0.046663729070375366,120,1.0000000000000002e-06,83520
349,0.017197827643637236,0.046553296285370985,120,1.0000000000000002e-06,83760
350,0.017120473571897794,0.049291347091396646,120,1.0000000000000002e-06,84000
351,0.017281665639408552,0.04677435603613655,120,1.0000000000000002e-06,84240
352,0.017140498906762027,0.04765028785914183,120,1.0000000000000002e-06,84480
353,0.017175813405386483,0.046698336272190014,120,1.0000000000000002e-06,84720
354,0.017169684654800222,0.04801809697722395,120,1.0000000000000002e-06,84960
355,0.01717397162380318,0.046567237563431264,120,1.0000000000000002e-06,85200
356,0.017112717649433763,0.046632955347498256,120,1.0000000000000002e-06,85440
357,0.017200161378908282,0.04643330859641234,120,1.0000000000000002e-06,85680
358,0.01734280838863924,0.0466234039204816,120,1.0000000000000002e-06,85920
359,0.017170701695916554,0.04754168028011918,120,1.0000000000000002e-06,86160
360,0.01727652857080102,0.046175825285414855,120,1.0000000000000002e-06,86400
361,0.0170729046590471,0.046910095121711494,120,1.0000000000000002e-06,86640
362,0.017278843860064324,0.04718135253836711,120,1.0000000000000002e-06,86880
363,0.017055535863619298,0.046741224018236,120,1.0000000000000002e-06,87120
364,0.01710062167258002,0.04708337290212512,120,1.0000000000000002e-06,87360
365,0.01711484416737221,0.047626073161760964,120,1.0000000000000002e-06,87600
366,0.017189944601462535,0.04644448400164644,120,1.0000000000000002e-06,87840
367,0.017161488917190583,0.04757023360580206,120,1.0000000000000002e-06,88080
368,0.017102073282391453,0.04741052494694789,120,1.0000000000000002e-06,88320
369,0.017196210083784535,0.047960153159995876,120,1.0000000000000002e-06,88560
370,0.017162096900089335,0.04611110848685106,120,1.0000000000000002e-06,88800
371,0.017045632608157273,0.04898421671241522,120,1.0000000000000002e-06,89040
372,0.017138743687731526,0.0486220607534051,120,1.0000000000000002e-06,89280
373,0.017120497601960476,0.04681177530437708,120,1.0000000000000002e-06,89520
374,0.01712413551673914,0.04714188842723767,120,1.0000000000000002e-06,89760
375,0.01710314063820988,0.04733575079590082,120,1.0000000000000002e-06,90000
376,0.017196712986333296,0.0472693083807826,120,1.0000000000000002e-06,90240
377,0.017056661458142722,0.04708629855886102,120,1.0000000000000002e-06,90480
378,0.01715533712413162,0.04739537804077069,120,1.0000000000000002e-06,90720
379,0.017033402538315083,0.04682386613761385,120,1.0000000000000002e-06,90960
380,0.01711012051285555,0.04664238430559635,120,1.0000000000000002e-06,91200
381,0.017001470007623237,0.04748699773723881,120,1.0000000000000002e-06,91440
382,0.017137826168133568,0.050753203903635344,120,1.0000000000000002e-06,91680
383,0.017077843986529236,0.05389983430504799,120,1.0000000000000002e-06,91920
384,0.017061549566763763,0.04684763945018252,120,1.0000000000000002e-06,92160
385,0.017084195280525214,0.04718715573350588,120,1.0000000000000002e-06,92400
386,0.017059752125836287,0.04717686822017034,120,1.0000000000000002e-06,92640
387,0.017097797425230966,0.046871283433089654,120,1.0000000000000002e-06,92880
388,0.017004863712160537,0.04694372260322174,120,1.0000000000000002e-06,93120
389,0.017057491842812546,0.04680692286541065,120,1.0000000000000002e-06,93360
390,0.017147537398462493,0.04824174692233404,120,1.0000000000000002e-06,93600
391,0.01699932978178064,0.04790764177838961,120,1.0000000000000002e-06,93840
392,0.01701145274564624,0.046799576158324876,120,1.0000000000000002e-06,94080
393,0.0170169360023768,0.0468284343679746,120,1.0000000000000002e-06,94320
394,0.017004183961156136,0.04709640517830849,120,1.0000000000000002e-06,94560
395,0.017010808693400273,0.04713985680912932,120,1.0000000000000002e-06,94800
396,0.017116820140896986,0.04692274304106832,120,1.0000000000000002e-06,95040
397,0.01697750007151626,0.04698469225938121,120,1.0000000000000002e-06,95280
398,0.01698553321766667,0.04710829875742396,120,1.0000000000000002e-06,95520
399,0.017029447436410314,0.04634850916142265,120,1.0000000000000002e-06,95760
400,0.017056365177268162,0.047479406868418055,120,1.0000000000000002e-06,96000
401,0.0170097673292427,0.04755652031550805,120,1.0000000000000002e-06,96240
402,0.01709386720516098,0.04841387482980887,120,1.0000000000000002e-06,96480
403,0.017032089307516193,0.046868443861603735,120,1.0000000000000002e-06,96720
404,0.017056273465277626,0.047222017248471575,120,1.0000000000000002e-06,96960
405,0.017088509382059178,0.0483667383591334,120,1.0000000000000002e-06,97200
406,0.016992407164070755,0.04688050119827191,120,1.0000000000000002e-06,97440
407,0.017095786071149633,0.046696329085777206,120,1.0000000000000002e-06,97680
408,0.01701415783027187,0.04682381336266796,120,1.0000000000000002e-06,97920
409,0.016934468193600574,0.04974776630600294,120,1.0000000000000002e-06,98160
410,0.017053644044790418,0.048151140194386245,120,1.0000000000000002e-06,98400
411,0.017077426981025687,0.048040780859688915,120,1.0000000000000002e-06,98640
412,0.016946327086770907,0.047372939096142846,120,1.0000000000000002e-06,98880
413,0.017062510586886976,0.04663220358391603,120,1.0000000000000002e-06,99120
414,0.01698015980073251,0.048052384580175085,120,1.0000000000000002e-06,99360
415,0.016985615682400142,0.0471569387242198,120,1.0000000000000002e-06,99600
416,0.01695747270908517,0.04700869849572579,120,1.0000000000000002e-06,99840
417,0.01701170492451638,0.04781375179688136,120,1.0000000000000002e-06,100080
418,0.0169770304482275,0.0474610375550886,120,1.0000000000000002e-06,100320
419,0.01692414977005683,0.046974670017759006,120,1.0000000000000002e-06,100560
420,0.016949206571249913,0.04761896965404352,120,1.0000000000000002e-06,100800
421,0.017030956489422048,0.04703503539785743,120,1.0000000000000002e-06,101040
422,0.01694626279446917,0.04745065169408917,120,1.0000000000000002e-06,101280
423,0.017021548313399155,0.047434014206131296,120,1.0000000000000002e-06,101520
424,0.016935134098942702,0.046271292275438705,120,1.0000000000000002e-06,101760
425,0.016975850479987762,0.04777771004786094,120,1.0000000000000002e-06,102000
426,0.01700262655310022,0.046860435232520106,125,1.0000000000000002e-06,102240
427,0.016915644833352415,0.047656764493634304,120,1.0000000000000002e-06,102480
428,0.017064398049842566,0.04749206711227695,120,1.0000000000000002e-06,102720
429,0.016930227728638177,0.04672399551297227,120,1.0000000000000002e-06,102960
430,0.016950191208161415,0.046603134584923586,120,1.0000000000000002e-06,103200
431,0.016982452066925665,0.04677816318968932,120,1.0000000000000002e-06,103440
432,0.01699537377959738,0.04902277185271184,120,1.0000000000000002e-06,103680
433,0.016853829100728034,0.04698266514266531,120,1.0000000000000002e-06,103920
434,0.017044772046695775,0.047333701296399036,120,1.0000000000000002e-06,104160
435,0.016920352343004198,0.047392967715859415,120,1.0000000000000002e-06,104400
436,0.016912948741810395,0.047021971984455985,120,1.0000000000000002e-06,104640
437,0.016880147679088017,0.04863868895918131,120,1.0000000000000002e-06,104880
438,0.01691922723160436,0.04698388017714024,120,1.0000000000000002e-06,105120
439,0.016964217514032497,0.04775550359239181,120,1.0000000000000002e-06,105360
440,0.016947006800910457,0.04802163119117419,120,1.0000000000000002e-06,105600
441,0.0169265393478175,0.0490752678985397,120,1.0000000000000002e-06,105840
442,0.016836366090380275,0.04735715730736653,120,1.0000000000000002e-06,106080
443,0.016939894472792125,0.04692266850421826,120,1.0000000000000002e-06,106320
444,0.016893690921521435,0.04671701484670242,120,1.0000000000000002e-06,106560
445,0.01685810656636022,0.047328609072913724,120,1.0000000000000002e-06,106800
446,0.016830696031684057,0.046925475386281806,120,1.0000000000000002e-06,107040
447,0.016940413349463293,0.047267959391077356,120,1.0000000000000002e-06,107280
448,0.016866923602841175,0.04676011335104704,120,1.0000000000000002e-06,107520
449,0.016849640981915097,0.046679086455454426,126,1.0000000000000002e-06,107760
450,0.01689497036083291,0.04671227065846324,120,1.0000000000000002e-06,108000
451,0.016889142173264798,0.04685226930305362,120,1.0000000000000002e-06,108240
452,0.016884298267541453,0.04627705269182722,120,1.0000000000000002e-06,108480
453,0.01689956213037173,0.04692053571343422,120,1.0000000000000002e-06,108720
454,0.016885334505544355,0.046280634806801876,120,1.0000000000000002e-06,108960
455,0.016838353445443013,0.0469831803192695,120,1.0000000000000002e-06,109200
456,0.016916870397593205,0.04673584137732784,120,1.0000000000000002e-06,109440
457,0.01688788369259176,0.0471970796585083,120,1.0000000000000002e-06,109680
458,0.01688666905974969,0.046926942312469085,120,1.0000000000000002e-06,109920
459,0.01691608619488155,0.04714657431468368,120,1.0000000000000002e-06,110160
460,0.01685440699608686,0.04709613068650166,120,1.0000000000000002e-06,110400
461,0.01703892651324471,0.047814781156679,120,1.0000000000000002e-06,110640
462,0.016956558617918442,0.046687589741001526,120,1.0000000000000002e-06,110880
463,0.01700714829688271,0.047332536056637765,120,1.0000000000000002e-06,111120
464,0.016867865146681045,0.04690958118687073,120,1.0000000000000002e-06,111360
465,0.01685008243463623,0.04759054935226838,120,1.0000000000000002e-06,111600
466,0.01686845730485705,0.04711525303622087,120,1.0000000000000002e-06,111840
467,0.016834513761568814,0.04700667920211951,120,1.0000000000000002e-06,112080
468,0.016850528427554915,0.046687564346939325,120,1.0000000000000002e-06,112320
469,0.016816799980976307,0.04792010510961215,120,1.0000000000000002e-06,112560
470,0.01687742364980901,0.04702689126133919,120,1.0000000000000002e-06,112800
471,0.01678263327727715,0.04716783631592989,120,1.0000000000000002e-06,113040
472,0.01682968410702112,0.04759884287292759,120,1.0000000000000002e-06,113280
473,0.016882728373942276,0.047121622537573175,120,1.0000000000000002e-06,113520
474,0.016779918318691973,0.047010270816584425,120,1.0000000000000002e-06,113760
475,0.016880678930707896,0.04690684440235297,120,1.0000000000000002e-06,114000
476,0.016928486101096495,0.04609444585318367,120,1.0000000000000002e-06,114240
477,0.01691769329093707,0.04654123159125447,120,1.0000000000000002e-06,114480
478,0.01682499243373362,0.046606310394903025,120,1.0000000000000002e-06,114720
479,0.016807550605153664,0.046360600957026085,120,1.0000000000000002e-06,114960
480,0.016810765016513567,0.04690227365742127,120,1.0000000000000002e-06,115200
481,0.016815774565717825,0.049681304146846135,120,1.0000000000000002e-06,115440
482,0.01690764607822833,0.04649499986941616,120,1.0000000000000002e-06,115680
483,0.016828939757154635,0.04687305875122547,120,1.0000000000000002e-06,115920
484,0.016863580606877804,0.04689270428692301,120,1.0000000000000002e-06,116160
485,0.0168003093082613,0.04833433150003354,120,1.0000000000000002e-06,116400
486,0.016814487281953915,0.04718471098070343,120,1.0000000000000002e-06,116640
487,0.016792520104597013,0.047377189124623936,120,1.0000000000000002e-06,116880
488,0.016843828997419527,0.04709099909911553,120,1.0000000000000002e-06,117120
489,0.01672572252767471,0.04725772359718879,120,1.0000000000000002e-06,117360
490,0.01683254866899612,0.048383356134096785,120,1.0000000000000002e-06,117600
491,0.016784226985570663,0.046790836347887915,120,1.0000000000000002e-06,117840
492,0.016788743946623677,0.04651678924759229,120,1.0000000000000002e-06,118080
493,0.016769080682812878,0.047145346427957216,120,1.0000000000000002e-06,118320
494,0.016806679310199493,0.047287424964209394,120,1.0000000000000002e-06,118560
495,0.016771316735927636,0.04690673047055801,120,1.0000000000000002e-06,118800
496,0.01676307350086669,0.04782354586447279,120,1.0000000000000002e-06,119040
497,0.016762311863324917,0.04772360790520906,121,1.0000000000000002e-06,119280
498,0.016796782467281446,0.047077174050112566,120,1.0000000000000002e-06,119520
499,0.01674396055556523,0.04694091699396571,120,1.0000000000000002e-06,119760
500,0.01675405220206206,0.048141815699636936,120,1.0000000000000002e-06,120000
501,0.016746402101125567,0.04702312496180336,120,1.0000000000000002e-06,120240
502,0.01671872128111621,0.046441444444159666,120,1.0000000000000002e-06,120480
503,0.01670911246910691,0.04730021674185991,120,1.0000000000000002e-06,120720
504,0.016710706734253716,0.047125274781137705,120,1.0000000000000002e-06,120960
505,0.01671328082253846,0.04663159493356943,120,1.0000000000000002e-06,121200
506,0.01681998372465993,0.04805364602555831,120,1.0000000000000002e-06,121440
507,0.01672314846073277,0.047933911345899104,120,1.0000000000000002e-06,121680
508,0.01683908309399461,0.04558989669506749,120,1.0000000000000002e-06,121920
509,0.016744187763348843,0.04713948275893927,120,1.0000000000000002e-06,122160
510,0.016798951424425466,0.04697923523684343,120,1.0000000000000002e-06,122400
511,0.016863625545132283,0.04718739396582047,120,1.0000000000000002e-06,122640
512,0.01676792487851344,0.04715070746218165,120,1.0000000000000002e-06,122880
513,0.016763077509434274,0.04665927700698376,120,1.0000000000000002e-06,123120
514,0.016684490791521966,0.04708929328868786,120,1.0000000000000002e-06,123360
515,0.016770805208943786,0.046831334196031096,120,1.0000000000000002e-06,123600
516,0.016748801345238463,0.047604134089003006,120,1.0000000000000002e-06,123840
517,0.01670888293107661,0.04700042235975464,120,1.0000000000000002e-06,124080
518,0.016730451236556594,0.04727747567618887,120,1.0000000000000002e-06,124320
519,0.016754408060417822,0.04696401643256346,120,1.0000000000000002e-06,124560
520,0.016695319587597623,0.047207893493274845,120,1.0000000000000002e-06,124800
521,0.016711636865511536,0.04651877464105685,120,1.0000000000000002e-06,125040
522,0.016810519096907228,0.04769118931144476,120,1.0000000000000002e-06,125280
523,0.01670103530244281,0.0472344816972812,120,1.0000000000000002e-06,125520
524,0.016739714636545007,0.04715302232652903,120,1.0000000000000002e-06,125760
525,0.016725321360475696,0.04618087119112412,120,1.0000000000000002e-06,126000
526,0.016740604164078833,0.04636803685377042,120,1.0000000000000002e-06,126240
527,0.016693580839394904,0.04673786054675778,120,1.0000000000000002e-06,126480
528,0.016683036182075738,0.04766334593296051,120,1.0000000000000002e-06,126720
529,0.016792911991554624,0.04729924816638231,120,1.0000000000000002e-06,126960
530,0.016772778978338464,0.046813669490317504,120,1.0000000000000002e-06,127200
531,0.01684987800157008,0.047161562678714596,120,1.0000000000000002e-06,127440
532,0.01668891084458058,0.04758726852014661,120,1.0000000000000002e-06,127680
533,0.01665872422939477,0.04660740926240881,120,1.0000000000000002e-06,127920
534,0.016740695701446383,0.04654529194037119,120,1.0000000000000002e-06,128160
535,0.016663005464943127,0.047318072182436784,120,1.0000000000000002e-06,128400
536,0.016693251923425124,0.04708095124612252,120,1.0000000000000002e-06,128640
537,0.016769122763071208,0.0464508056640625,120,1.0000000000000002e-06,128880
538,0.016733087463459622,0.04681051773950458,120,1.0000000000000002e-06,129120
539,0.01663290076733877,0.04648057743906975,120,1.0000000000000002e-06,129360
540,0.016803635140725724,0.04703806896383564,120,1.0000000000000002e-06,129600
541,0.016692975355545057,0.047706979885697366,120,1.0000000000000002e-06,129840
542,0.0166737935175964,0.047081159179409346,120,1.0000000000000002e-06,130080
543,0.01666893607471138,0.04772105049341917,120,1.0000000000000002e-06,130320
544,0.016721646396520858,0.04748763913909594,120,1.0000000000000002e-06,130560
545,0.01662834420761404,0.048226240339378515,120,1.0000000000000002e-06,130800
546,0.016662427905248477,0.047110636904835704,120,1.0000000000000002e-06,131040
547,0.01662241477558079,0.046909321037431555,120,1.0000000000000002e-06,131280
548,0.016575980875253058,0.04730462459847331,120,1.0000000000000002e-06,131520
549,0.016637664740361893,0.04637555995335182,120,1.0000000000000002e-06,131760
550,0.01665531311494609,0.04635098023960988,120,1.0000000000000002e-06,132000
551,0.016699186460270236,0.04691116788114111,120,1.0000000000000002e-06,132240
552,0.016648486211973554,0.047285959621270496,120,1.0000000000000002e-06,132480
553,0.016617488026774176,0.047190654650330545,120,1.0000000000000002e-06,132720
554,0.016579136052556957,0.04664638650914033,120,1.0000000000000002e-06,132960
555,0.016625430555238078,0.04769981081287066,120,1.0000000000000002e-06,133200
556,0.01669970602185155,0.046967576288928586,120,1.0000000000000002e-06,133440
557,0.016623536658395704,0.048224452696740625,120,1.0000000000000002e-06,133680
558,0.016656972351484,0.04700107738996546,120,1.0000000000000002e-06,133920
559,0.016866135670958706,0.04786816282818715,120,1.0000000000000002e-06,134160
560,0.01666114473870645,0.04682943702985843,120,1.0000000000000002e-06,134400
561,0.016594083838087196,0.04784876989821593,120,1.0000000000000002e-06,134640
562,0.016584024580273155,0.046842574576536816,120,1.0000000000000002e-06,134880
563,0.016583585562572504,0.04675656637797753,120,1.0000000000000002e-06,135120
564,0.01661716662153291,0.046962295100092886,120,1.0000000000000002e-06,135360
565,0.016647812326361113,0.04698537516718109,120,1.0000000000000002e-06,135600
566,0.016645990108372644,0.0464652937836945,120,1.0000000000000002e-06,135840
567,0.016574693624473488,0.04731319518759847,120,1.0000000000000002e-06,136080
568,0.01658566059777513,0.04853331452856461,120,1.0000000000000002e-06,136320
569,0.01661729036519925,0.04607169441878796,120,1.0000000000000002e-06,136560
570,0.01661503089708276,0.04683780145520965,120,1.0000000000000002e-06,136800
571,0.01657709912590993,0.04843346153696378,120,1.0000000000000002e-06,137040
572,0.016610940710719054,0.04752768939360976,120,1.0000000000000002e-06,137280
573,0.016561513727841277,0.04723973162472248,120,1.0000000000000002e-06,137520
574,0.01659610282901364,0.04732090411707759,120,1.0000000000000002e-06,137760
575,0.01656509671981136,0.046665185565749806,120,1.0000000000000002e-06,138000
576,0.01663049680646509,0.04725131494924426,120,1.0000000000000002e-06,138240
577,0.01657410725019872,0.048407935351133344,120,1.0000000000000002e-06,138480
578,0.016667240384655693,0.04704708655675252,120,1.0000000000000002e-06,138720
579,0.016617471682062995,0.04657852649688721,120,1.0000000000000002e-06,138960
580,0.016561574975882346,0.04683219383781155,120,1.0000000000000002e-06,139200
581,0.01654055369241784,0.04697218369692564,120,1.0000000000000002e-06,139440
582,0.016507891986596707,0.04712341316044331,120,1.0000000000000002e-06,139680
583,0.016591347876237707,0.04688814819479982,120,1.0000000000000002e-06,139920
584,0.016550398965288576,0.04674430129428705,120,1.0000000000000002e-06,140160
585,0.016625970142195003,0.04679640413572391,120,1.0000000000000002e-06,140400
586,0.01655060114377799,0.046484535684188207,120,1.0000000000000002e-06,140640
587,0.016566746765359616,0.047167806917180616,120,1.0000000000000002e-06,140880
588,0.016616638084330285,0.0472222335015734,120,1.0000000000000002e-06,141120
589,0.016635611979290844,0.048275161037842435,120,1.0000000000000002e-06,141360
590,0.01651716446892048,0.04755979270363848,120,1.0000000000000002e-06,141600
591,0.01656356848931561,0.04771277941763401,120,1.0000000000000002e-06,141840
592,0.016531737544573842,0.04673151553918918,120,1.0000000000000002e-06,142080
593,0.016709580121096225,0.04809055607765913,120,1.0000000000000002e-06,142320
594,0.016562052814212316,0.046925584226846694,120,1.0000000000000002e-06,142560
595,0.016582560882670804,0.04746826170012355,120,1.0000000000000002e-06,142800
596,0.016658353209883594,0.04759572704012195,120,1.0000000000000002e-06,143040
597,0.01653011211116488,0.046442198536048335,120,1.0000000000000002e-06,143280
598,0.016579298061939578,0.047251940021912256,120,1.0000000000000002e-06,143520
599,0.01663810935181876,0.048023788289477426,120,1.0000000000000002e-06,143760
600,0.0165362539604151,0.04796253700430195,120,1.0000000000000002e-06,144000
601,0.01655197371922744,0.04710017358884215,120,1.0000000000000002e-06,144240
602,0.016527012683218344,0.046945928906401,120,1.0000000000000002e-06,144480
603,0.016615410100591057,0.0466141225459675,120,1.0000000000000002e-06,144720
604,0.016572358465055004,0.04701648016149799,120,1.0000000000000002e-06,144960
605,0.01646266557315054,0.04684227726732691,120,1.0000000000000002e-06,145200
606,0.016596081839331114,0.04977768665800492,120,1.0000000000000002e-06,145440
607,0.016517478759245325,0.046232015391190845,125,1.0000000000000002e-06,145680
608,0.016501562730021156,0.046768934341768424,120,1.0000000000000002e-06,145920
609,0.01653722744473877,0.047080926100413006,120,1.0000000000000002e-06,146160
610,0.0165336964923578,0.04699369588245948,120,1.0000000000000002e-06,146400
611,0.01666058274762084,0.04777781640489896,120,1.0000000000000002e-06,146640
612,0.016568728363684688,0.04667692168926199,120,1.0000000000000002e-06,146880
613,0.01658787011013677,0.04677573383475343,120,1.0000000000000002e-06,147120
614,0.01648335168720223,0.047135263991852604,120,1.0000000000000002e-06,147360
615,0.016515265337269134,0.04731544628739357,120,1.0000000000000002e-06,147600
616,0.0165157146344427,0.046732108450184266,120,1.0000000000000002e-06,147840
617,0.01653178604513717,0.047141846548765895,120,1.0000000000000002e-06,148080
618,0.016653470813374347,0.04644849005465706,120,1.0000000000000002e-06,148320
619,0.016562405362492427,0.04657557938868801,120,1.0000000000000002e-06,148560
620,0.016519857324116552,0.04657526174560189,120,1.0000000000000002e-06,148800
621,0.0164679724839516,0.04696278513098757,120,1.0000000000000002e-06,149040
622,0.01646579828617784,0.04672401485343774,120,1.0000000000000002e-06,149280
623,0.016439879623552162,0.04738099565729499,120,1.0000000000000002e-06,149520
624,0.016573027870617808,0.04743607984855771,120,1.0000000000000002e-06,149760
625,0.01642968029094239,0.04678592725346486,120,1.0000000000000002e-06,150000
626,0.016466506535653024,0.04692334408561389,120,1.0000000000000002e-06,150240
627,0.016515206004260107,0.04703822520871957,120,1.0000000000000002e-06,150480
628,0.01654480243839013,0.04663137427220742,120,1.0000000000000002e-06,150720
629,0.016524102164354796,0.046285631321370604,120,1.0000000000000002e-06,150960
630,0.016548647029170145,0.047027036516616744,120,1.0000000000000002e-06,151200
631,0.016606429919678097,0.04772402808691065,120,1.0000000000000002e-06,151440
632,0.016513027957019706,0.04641782858719428,120,1.0000000000000002e-06,151680
633,0.016482207227575905,0.046774210128933194,124,1.0000000000000002e-06,151920
634,0.016435355526239922,0.04727043453603983,120,1.0000000000000002e-06,152160
635,0.016461920565537486,0.048511926519374055,120,1.0000000000000002e-06,152400
636,0.01646582415754286,0.0464474559451143,120,1.0000000000000002e-06,152640
637,0.016518157202517612,0.046894876814136906,120,1.0000000000000002e-06,152880
638,0.016532339485517394,0.04621468149125576,120,1.0000000000000002e-06,153120
639,0.01649464478250593,0.04710564905156692,120,1.0000000000000002e-06,153360
640,0.01643886856812363,0.046836630223939815,120,1.0000000000000002e-06,153600
641,0.016483092226553708,0.04757250326996048,120,1.0000000000000002e-06,153840
642,0.016408363147638737,0.04885492449005445,120,1.0000000000000002e-06,154080
643,0.01642441451937581,0.046819070198883615,120,1.0000000000000002e-06,154320
644,0.016493376065045594,0.0470426340897878,120,1.0000000000000002e-06,154560
645,0.01640912138003235,0.046701365429908034,120,1.0000000000000002e-06,154800
646,0.016408671009897565,0.047109526271621384,120,1.0000000000000002e-06,155040
647,0.016382321540731937,0.04752833334108194,120,1.0000000000000002e-06,155280
648,0.016483380822076774,0.046354845414559046,120,1.0000000000000002e-06,155520
649,0.016470157302683218,0.047081719525158404,120,1.0000000000000002e-06,155760
650,0.016431176466479278,0.046662091029187044,120,1.0000000000000002e-06,156000
651,0.01652571158289599,0.04689811908950408,120,1.0000000000000002e-06,156240
652,0.01641431301056097,0.046504836374272905,120,1.0000000000000002e-06,156480
653,0.0164641258190386,0.046186114630351466,120,1.0000000000000002e-06,156720
654,0.01645213983526143,0.04691511696825425,120,1.0000000000000002e-06,156960
655,0.0164464207404914,0.04700484067822496,120,1.0000000000000002e-06,157200
656,0.016574332436236242,0.046906483359634876,120,1.0000000000000002e-06,157440
657,0.01645254254108295,0.04711630285407106,120,1.0000000000000002e-06,157680
658,0.016478109922415267,0.04664274646590153,120,1.0000000000000002e-06,157920
659,0.01645059234385068,0.04638586180905501,120,1.0000000000000002e-06,158160
660,0.0164392309593192,0.04617787189781666,120,1.0000000000000002e-06,158400
661,0.016381316179952896,0.04853275182346503,120,1.0000000000000002e-06,158640
662,0.016415704150373737,0.04802376795560122,120,1.0000000000000002e-06,158880
663,0.016433205707774807,0.047880359614888825,120,1.0000000000000002e-06,159120
664,0.016403838933911175,0.04629003672550122,120,1.0000000000000002e-06,159360
665,0.016391417572352414,0.04665782737235228,120,1.0000000000000002e-06,159600
666,0.016389877609132478,0.04727594641347726,120,1.0000000000000002e-06,159840
667,0.01640685790528854,0.04716552856067816,120,1.0000000000000002e-06,160080
668,0.016413026662000143,0.0466545805024604,120,1.0000000000000002e-06,160320
669,0.016414265914742526,0.04681017122541865,120,1.0000000000000002e-06,160560
670,0.016541740370060627,0.047157194123913844,120,1.0000000000000002e-06,160800
671,0.01637111833745924,0.04711151113733649,120,1.0000000000000002e-06,161040
672,0.016431441150295236,0.04606177331879735,120,1.0000000000000002e-06,161280
673,0.016378643536396946,0.04670196576043963,120,1.0000000000000002e-06,161520
674,0.01639676230455128,0.04715118569632371,120,1.0000000000000002e-06,161760
675,0.01635603291215375,0.04720904730881254,120,1.0000000000000002e-06,162000
676,0.01631815515574999,0.047015240664283434,120,1.0000000000000002e-06,162240
677,0.016428979649208485,0.046778634376823905,120,1.0000000000000002e-06,162480
678,0.0163539383172368,0.04842432358612617,120,1.0000000000000002e-06,162720
679,0.016410035944621388,0.04729669615626335,120,1.0000000000000002e-06,162960
680,0.016339392348891126,0.04762451679756244,120,1.0000000000000002e-06,163200
681,0.016429039655486123,0.04687790432944894,120,1.0000000000000002e-06,163440
682,0.01639543062580439,0.046460228071858484,120,1.0000000000000002e-06,163680
683,0.01638554304566545,0.047520497192939125,120,1.0000000000000002e-06,163920
684,0.016376051638508214,0.04761147691557805,120,1.0000000000000002e-06,164160
685,0.016366503738875812,0.047242403216660026,120,1.0000000000000002e-06,164400
686,0.01629194576332035,0.04707048473258813,120,1.0000000000000002e-06,164640
687,0.01634490147116594,0.047118606977164745,120,1.0000000000000002e-06,164880
688,0.01638604548643343,0.04755363054573536,120,1.0000000000000002e-06,165120
689,0.016328371574248497,0.0470880039036274,120,1.0000000000000002e-06,165360
690,0.016309569044581924,0.04692715623726448,120,1.0000000000000002e-06,165600
691,0.016311551281251013,0.04630678780376911,120,1.0000000000000002e-06,165840
692,0.01629960667924024,0.04718817221000791,120,1.0000000000000002e-06,166080
693,0.016352111665764824,0.04631901333729426,120,1.0000000000000002e-06,166320
694,0.01648687236593105,0.04718827698379755,120,1.0000000000000002e-06,166560
695,0.01634695630831023,0.04721499172349771,120,1.0000000000000002e-06,166800
696,0.016307592248388878,0.046432627054552235,120,1.0000000000000002e-06,167040
697,0.016318203328410164,0.04694247717658679,120,1.0000000000000002e-06,167280
698,0.016313053246509904,0.04714455368618171,120,1.0000000000000002e-06,167520
699,0.016425550247853003,0.047571696589390436,120,1.0000000000000002e-06,167760
700,0.016353945476779094,0.047057463228702544,120,1.0000000000000002e-06,168000
701,0.016401842591585593,0.04718369984378417,120,1.0000000000000002e-06,168240
702,0.016377193100440005,0.04660004780938228,120,1.0000000000000002e-06,168480
703,0.01631777167591887,0.04686769008015593,120,1.0000000000000002e-06,168720
704,0.01634022213402204,0.04744752943515777,120,1.0000000000000002e-06,168960
705,0.016309835102098682,0.04678807438661655,120,1.0000000000000002e-06,169200
706,0.01632985407486558,0.047051010218759376,120,1.0000000000000002e-06,169440
707,0.016383504576515405,0.04700286587079366,120,1.0000000000000002e-06,169680
708,0.01626708026548537,0.04741561667372783,120,1.0000000000000002e-06,169920
709,0.016256406689838816,0.046821763676901655,120,1.0000000000000002e-06,170160
710,0.016311295212168866,0.04685504951824745,120,1.0000000000000002e-06,170400
711,0.01623597486371485,0.04719040219982465,120,1.0000000000000002e-06,170640
712,0.016311428569800532,0.04701909494275848,120,1.0000000000000002e-06,170880
713,0.016296261768244828,0.04769868521640698,120,1.0000000000000002e-06,171120
714,0.016312424920033663,0.04682812563454111,120,1.0000000000000002e-06,171360
715,0.01628585302969441,0.04743097505221764,120,1.0000000000000002e-06,171600
716,0.016346519950699682,0.04682707010457913,120,1.0000000000000002e-06,171840
717,0.01631496689709214,0.04745984254404902,120,1.0000000000000002e-06,172080
718,0.016373254826370007,0.04705380769446492,120,1.0000000000000002e-06,172320
